id,user_id,nomination_id,points,cheevos_points
1,12,59,1,0
2,12,66,1,0
3,12,67,1,0
4,12,70,1,0
5,12,84,1,0
6,20,97,1,0
7,12,112,1,0
8,12,127,1,0
9,12,120,1,0
10,15,136,1,0
11,15,133,1,0
12,162,149,1,0
13,162,154,1,0
14,162,153,1,0
15,12,170,1,0
16,12,166,1,0
17,12,173,1,0
18,20,190,1,0
19,20,193,1,0
20,20,194,1,0
21,20,203,1,0
22,20,202,1,0
23,33,227,1,0
24,107,268,1,0
25,107,254,1,0
26,107,246,1,0
27,72,290,1,0
28,207,343,1,0
29,9,346,1,0
30,121,397,1,0
31,193,440,1,0
32,121,449,1,0
33,107,496,1,0
34,107,478,1,0
35,107,499,1,0
36,2,517,1,0
37,139,539,1,0
38,264,587,1,0
39,74,602,1,0
40,74,637,1,0
41,74,607,1,0
42,57,676,1,0
43,35,704,1,0
44,35,710,1,0
45,80,753,1,0
46,27,765,1,0
47,27,781,1,0
48,106,832,1,0
49,139,863,1,0
50,27,939,1,0
51,27,926,1,0
52,59,977,1,0
53,59,957,1,0
54,59,955,1,0
55,124,67,1,0
56,3,84,1,0
57,12,102,1,0
58,20,112,1,0
59,20,116,1,0
60,162,136,1,0
61,162,133,1,0
62,12,149,1,0
63,12,154,1,0
64,12,153,1,0
65,11,170,1,0
66,11,166,1,0
67,162,190,1,0
68,162,193,1,0
69,162,194,1,0
70,27,203,1,0
71,27,202,1,0
72,50,233,1,0
73,124,268,1,0
74,225,290,1,0
75,169,306,1,0
76,169,343,1,0
77,43,346,1,0
78,45,400,1,0
79,45,397,1,0
80,261,440,1,0
81,122,449,1,0
82,91,478,1,0
83,91,499,1,0
84,265,508,1,0
85,34,539,1,0
86,34,552,1,0
87,12,570,1,0
88,12,587,1,0
89,12,581,1,0
90,34,607,1,0
91,183,676,1,0
92,205,704,1,0
93,205,710,1,0
94,106,753,1,0
95,200,765,1,0
96,214,832,1,0
97,248,862,1,0
98,248,873,1,0
99,248,863,1,0
100,205,910,1,0
101,205,926,1,0
102,54,957,1,0
103,10,67,1,0
104,10,70,1,0
105,10,84,1,0
106,2,97,1,0
107,15,105,1,0
108,2,120,1,0
109,11,136,1,0
110,15,153,1,0
111,15,170,1,0
112,15,166,1,0
113,15,193,1,0
114,162,204,1,0
115,162,203,1,0
116,162,202,1,0
117,19,233,1,0
118,164,268,1,0
119,164,254,1,0
120,70,290,1,0
121,70,299,1,0
122,121,343,1,0
123,65,346,1,0
124,236,400,1,0
125,216,440,1,0
126,216,437,1,0
127,106,454,1,0
128,74,478,1,0
129,74,499,1,0
130,205,517,1,0
131,225,539,1,0
132,20,587,1,0
133,20,581,1,0
134,42,602,1,0
135,161,676,1,0
136,161,648,1,0
137,91,710,1,0
138,163,737,1,0
139,163,753,1,0
140,53,765,1,0
141,12,832,1,0
142,12,838,1,0
143,255,863,1,0
144,175,910,1,0
145,66,977,1,0
146,66,957,1,0
147,66,955,1,0
148,198,67,1,0
149,6,97,1,0
150,82,115,1,0
151,10,116,1,0
152,2,136,1,0
153,2,140,1,0
154,2,133,1,0
155,6,149,1,0
156,6,154,1,0
157,6,153,1,0
158,239,170,1,0
159,27,193,1,0
160,27,194,1,0
161,11,203,1,0
162,11,202,1,0
163,56,227,1,0
164,221,268,1,0
165,238,283,1,0
166,76,343,1,0
167,249,346,1,0
168,107,397,1,0
169,172,440,1,0
170,172,446,1,0
171,110,449,1,0
172,225,499,1,0
173,224,517,1,0
174,177,539,1,0
175,177,552,1,0
176,11,570,1,0
177,11,587,1,0
178,11,581,1,0
179,81,607,1,0
180,255,676,1,0
181,10,704,1,0
182,177,737,1,0
183,185,765,1,0
184,185,772,1,0
185,185,781,1,0
186,20,832,1,0
187,257,863,1,0
188,250,910,1,0
189,171,957,1,0
190,7,67,1,0
191,3,99,1,0
192,3,112,1,0
193,15,127,1,0
194,12,136,1,0
195,12,140,1,0
196,12,133,1,0
197,27,153,1,0
198,162,170,1,0
199,162,173,1,0
200,12,190,1,0
201,12,193,1,0
202,12,194,1,0
203,6,204,1,0
204,6,203,1,0
205,6,202,1,0
206,43,233,1,0
207,165,268,1,0
208,165,254,1,0
209,165,246,1,0
210,45,290,1,0
211,45,283,1,0
212,45,299,1,0
213,204,343,1,0
214,85,346,1,0
215,3,400,1,0
216,231,440,1,0
217,100,454,1,0
218,228,496,1,0
219,228,478,1,0
220,108,524,1,0
221,130,552,1,0
222,6,570,1,0
223,6,581,1,0
224,146,602,1,0
225,180,680,1,0
226,65,704,1,0
227,65,710,1,0
228,218,753,1,0
229,171,765,1,0
230,171,781,1,0
231,11,838,1,0
232,182,863,1,0
233,35,910,1,0
234,12,977,1,0
235,12,957,1,0
236,12,955,1,0
237,2,67,1,0
238,11,116,1,0
239,9,136,1,0
240,236,153,1,0
241,5,170,1,0
242,193,190,1,0
243,59,203,1,0
244,86,233,1,0
245,234,246,1,0
246,252,299,1,0
247,83,343,1,0
248,183,346,1,0
249,166,400,1,0
250,166,397,1,0
251,166,418,1,0
252,12,440,1,0
253,12,446,1,0
254,12,437,1,0
255,178,470,1,0
256,231,499,1,0
257,114,524,1,0
258,114,517,1,0
259,254,539,1,0
260,15,570,1,0
261,15,581,1,0
262,127,602,1,0
263,127,637,1,0
264,129,676,1,0
265,116,704,1,0
266,139,753,1,0
267,217,765,1,0
268,217,781,1,0
269,6,832,1,0
270,6,838,1,0
271,42,863,1,0
272,123,910,1,0
273,149,957,1,0
274,149,955,1,0
275,3,67,1,0
276,20,133,1,0
277,20,153,1,0
278,6,170,1,0
279,6,166,1,0
280,35,190,1,0
281,35,193,1,0
282,35,194,1,0
283,35,204,1,0
284,35,203,1,0
285,35,202,1,0
286,54,233,1,0
287,261,268,1,0
288,260,290,1,0
289,260,283,1,0
290,233,343,1,0
291,206,346,1,0
292,88,400,1,0
293,88,418,1,0
294,20,440,1,0
295,12,454,1,0
296,12,449,1,0
297,12,470,1,0
298,13,478,1,0
299,42,517,1,0
300,116,539,1,0
301,162,570,1,0
302,162,587,1,0
303,162,581,1,0
304,195,637,1,0
305,152,676,1,0
306,112,704,1,0
307,13,737,1,0
308,247,765,1,0
309,15,832,1,0
310,251,863,1,0
311,166,910,1,0
312,137,957,1,0
313,5,136,1,0
314,11,153,1,0
315,35,170,1,0
316,35,166,1,0
317,6,190,1,0
318,6,193,1,0
319,6,194,1,0
320,36,204,1,0
321,36,203,1,0
322,36,202,1,0
323,12,233,1,0
324,12,227,1,0
325,12,226,1,0
326,220,268,1,0
327,74,290,1,0
328,74,283,1,0
329,74,299,1,0
330,12,306,1,0
331,12,343,1,0
332,12,335,1,0
333,84,346,1,0
334,91,400,1,0
335,91,397,1,0
336,15,440,1,0
337,15,446,1,0
338,15,437,1,0
339,20,449,1,0
340,20,470,1,0
341,139,496,1,0
342,139,478,1,0
343,201,524,1,0
344,12,539,1,0
345,12,552,1,0
346,12,544,1,0
347,94,581,1,0
348,133,637,1,0
349,176,676,1,0
350,42,704,1,0
351,140,737,1,0
352,140,753,1,0
353,191,765,1,0
354,191,781,1,0
355,162,832,1,0
356,162,841,1,0
357,162,838,1,0
358,158,862,1,0
359,158,873,1,0
360,158,863,1,0
361,141,910,1,0
362,141,926,1,0
363,151,957,1,0
364,6,136,1,0
365,6,133,1,0
366,5,149,1,0
367,94,170,1,0
368,23,190,1,0
369,23,193,1,0
370,23,194,1,0
371,15,202,1,0
372,20,227,1,0
373,53,268,1,0
374,52,290,1,0
375,52,283,1,0
376,20,306,1,0
377,20,343,1,0
378,20,335,1,0
379,95,346,1,0
380,92,400,1,0
381,92,397,1,0
382,11,440,1,0
383,11,446,1,0
384,11,437,1,0
385,15,470,1,0
386,218,496,1,0
387,218,478,1,0
388,218,499,1,0
389,118,524,1,0
390,20,539,1,0
391,20,552,1,0
392,36,570,1,0
393,253,637,1,0
394,12,676,1,0
395,12,680,1,0
396,99,710,1,0
397,141,737,1,0
398,141,753,1,0
399,229,765,1,0
400,229,781,1,0
401,94,832,1,0
402,12,862,1,0
403,12,873,1,0
404,12,863,1,0
405,226,910,1,0
406,274,957,1,0
407,274,955,1,0
408,236,136,1,0
409,236,133,1,0
410,2,154,1,0
411,20,170,1,0
412,20,166,1,0
413,36,190,1,0
414,23,203,1,0
415,15,233,1,0
416,13,268,1,0
417,215,290,1,0
418,11,306,1,0
419,11,343,1,0
420,11,335,1,0
421,12,346,1,0
422,12,381,1,0
423,12,359,1,0
424,173,397,1,0
425,6,440,1,0
426,6,446,1,0
427,11,454,1,0
428,11,449,1,0
429,11,470,1,0
430,170,496,1,0
431,115,524,1,0
432,11,539,1,0
433,11,552,1,0
434,11,544,1,0
435,37,570,1,0
436,234,637,1,0
437,20,680,1,0
438,20,648,1,0
439,52,704,1,0
440,135,737,1,0
441,135,753,1,0
442,248,765,1,0
443,248,781,1,0
444,59,832,1,0
445,59,841,1,0
446,59,838,1,0
447,20,873,1,0
448,20,863,1,0
449,267,910,1,0
450,267,939,1,0
451,46,957,1,0
452,10,136,1,0
453,10,133,1,0
454,3,153,1,0
455,2,170,1,0
456,2,173,1,0
457,162,190,1,0
458,162,193,1,0
459,162,194,1,0
460,34,203,1,0
461,2,233,1,0
462,67,254,1,0
463,263,283,1,0
464,2,306,1,0
465,2,343,1,0
466,20,346,1,0
467,167,400,1,0
468,162,440,1,0
469,162,446,1,0
470,162,437,1,0
471,6,454,1,0
472,101,496,1,0
473,101,499,1,0
474,12,508,1,0
475,12,524,1,0
476,12,517,1,0
477,15,539,1,0
478,15,552,1,0
479,15,544,1,0
480,23,581,1,0
481,12,602,1,0
482,12,637,1,0
483,12,607,1,0
484,11,680,1,0
485,137,704,1,0
486,137,710,1,0
487,182,737,1,0
488,182,753,1,0
489,182,763,1,0
490,46,765,1,0
491,37,838,1,0
492,11,863,1,0
493,272,910,1,0
494,139,957,1,0
495,212,133,1,0
496,10,170,1,0
497,11,190,1,0
498,11,193,1,0
499,11,194,1,0
500,28,203,1,0
501,28,202,1,0
502,11,233,1,0
503,11,227,1,0
504,11,226,1,0
505,244,268,1,0
506,78,299,1,0
507,15,343,1,0
508,11,346,1,0
509,11,381,1,0
510,11,359,1,0
511,241,400,1,0
512,27,440,1,0
513,162,454,1,0
514,162,449,1,0
515,162,470,1,0
516,119,496,1,0
517,119,478,1,0
518,20,517,1,0
519,6,539,1,0
520,6,552,1,0
521,6,544,1,0
522,120,581,1,0
523,20,637,1,0
524,15,676,1,0
525,15,680,1,0
526,15,648,1,0
527,175,704,1,0
528,175,710,1,0
529,174,737,1,0
530,174,753,1,0
531,257,765,1,0
532,257,781,1,0
533,120,832,1,0
534,162,862,1,0
535,162,873,1,0
536,162,863,1,0
537,275,910,1,0
538,275,939,1,0
539,275,926,1,0
540,127,977,1,0
541,127,957,1,0
542,127,955,1,0
543,3,136,1,0
544,34,170,1,0
545,2,190,1,0
546,12,204,1,0
547,12,203,1,0
548,12,202,1,0
549,162,233,1,0
550,162,226,1,0
551,80,268,1,0
552,80,246,1,0
553,250,290,1,0
554,6,306,1,0
555,6,343,1,0
556,2,346,1,0
557,2,359,1,0
558,227,418,1,0
559,94,440,1,0
560,94,437,1,0
561,27,454,1,0
562,208,478,1,0
563,208,499,1,0
564,11,508,1,0
565,11,524,1,0
566,11,517,1,0
567,162,539,1,0
568,162,544,1,0
569,48,581,1,0
570,11,602,1,0
571,11,637,1,0
572,11,607,1,0
573,6,676,1,0
574,6,680,1,0
575,144,704,1,0
576,144,710,1,0
577,190,737,1,0
578,240,765,1,0
579,48,832,1,0
580,15,862,1,0
581,15,873,1,0
582,15,863,1,0
583,246,910,1,0
584,246,939,1,0
585,246,926,1,0
586,6,957,1,0
587,212,170,1,0
588,26,190,1,0
589,26,193,1,0
590,26,194,1,0
591,2,203,1,0
592,2,202,1,0
593,6,227,1,0
594,58,268,1,0
595,58,254,1,0
596,69,290,1,0
597,69,283,1,0
598,69,299,1,0
599,27,306,1,0
600,27,335,1,0
601,15,346,1,0
602,105,397,1,0
603,34,440,1,0
604,94,449,1,0
605,94,470,1,0
606,111,496,1,0
607,111,499,1,0
608,15,524,1,0
609,15,517,1,0
610,94,539,1,0
611,59,570,1,0
612,59,587,1,0
613,59,581,1,0
614,15,602,1,0
615,15,637,1,0
616,162,676,1,0
617,162,680,1,0
618,162,648,1,0
619,230,704,1,0
620,149,737,1,0
621,149,753,1,0
622,258,765,1,0
623,86,832,1,0
624,6,873,1,0
625,6,863,1,0
626,270,910,1,0
627,125,957,1,0
628,26,166,1,0
629,28,190,1,0
630,28,194,1,0
631,40,203,1,0
632,27,227,1,0
633,64,268,1,0
634,62,290,1,0
635,162,343,1,0
636,6,346,1,0
637,6,359,1,0
638,223,397,1,0
639,10,440,1,0
640,34,449,1,0
641,109,499,1,0
642,6,508,1,0
643,6,524,1,0
644,23,539,1,0
645,32,570,1,0
646,32,587,1,0
647,32,581,1,0
648,6,602,1,0
649,6,637,1,0
650,6,607,1,0
651,94,676,1,0
652,132,704,1,0
653,132,710,1,0
654,132,689,1,0
655,184,737,1,0
656,184,753,1,0
657,146,781,1,0
658,32,832,1,0
659,32,841,1,0
660,32,838,1,0
661,94,863,1,0
662,160,910,1,0
663,140,977,1,0
664,140,957,1,0
665,140,955,1,0
666,27,166,1,0
667,27,173,1,0
668,94,190,1,0
669,81,203,1,0
670,81,202,1,0
671,35,233,1,0
672,35,227,1,0
673,35,226,1,0
674,66,254,1,0
675,68,290,1,0
676,34,343,1,0
677,162,346,1,0
678,162,381,1,0
679,162,359,1,0
680,168,400,1,0
681,168,397,1,0
682,168,418,1,0
683,23,440,1,0
684,23,446,1,0
685,23,437,1,0
686,10,470,1,0
687,104,496,1,0
688,104,478,1,0
689,104,499,1,0
690,162,524,1,0
691,162,517,1,0
692,181,539,1,0
693,50,581,1,0
694,162,637,1,0
695,37,648,1,0
696,131,704,1,0
697,131,710,1,0
698,131,689,1,0
699,136,737,1,0
700,136,753,1,0
701,12,765,1,0
702,12,781,1,0
703,50,832,1,0
704,59,862,1,0
705,59,873,1,0
706,59,863,1,0
707,276,910,1,0
708,160,977,1,0
709,160,957,1,0
710,28,170,1,0
711,37,190,1,0
712,245,203,1,0
713,28,227,1,0
714,73,268,1,0
715,73,254,1,0
716,125,283,1,0
717,94,343,1,0
718,27,346,1,0
719,189,397,1,0
720,37,440,1,0
721,37,449,1,0
722,200,478,1,0
723,27,508,1,0
724,81,539,1,0
725,81,552,1,0
726,86,581,1,0
727,94,602,1,0
728,23,680,1,0
729,142,704,1,0
730,142,710,1,0
731,151,737,1,0
732,151,753,1,0
733,20,765,1,0
734,20,772,1,0
735,20,781,1,0
736,54,832,1,0
737,37,863,1,0
738,271,910,1,0
739,168,957,1,0
740,10,190,1,0
741,181,204,1,0
742,181,203,1,0
743,26,227,1,0
744,12,268,1,0
745,12,254,1,0
746,12,246,1,0
747,228,299,1,0
748,28,306,1,0
749,34,346,1,0
750,34,381,1,0
751,89,400,1,0
752,181,440,1,0
753,181,437,1,0
754,81,470,1,0
755,99,496,1,0
756,94,517,1,0
757,37,552,1,0
758,37,544,1,0
759,54,587,1,0
760,23,602,1,0
761,48,676,1,0
762,48,680,1,0
763,150,704,1,0
764,150,710,1,0
765,147,737,1,0
766,147,753,1,0
767,11,765,1,0
768,11,781,1,0
769,66,832,1,0
770,120,873,1,0
771,187,910,1,0
772,124,957,1,0
773,81,190,1,0
774,81,193,1,0
775,211,203,1,0
776,34,226,1,0
777,20,268,1,0
778,65,290,1,0
779,36,306,1,0
780,36,343,1,0
781,36,335,1,0
782,10,346,1,0
783,93,400,1,0
784,93,397,1,0
785,36,437,1,0
786,181,449,1,0
787,35,499,1,0
788,37,517,1,0
789,36,539,1,0
790,66,570,1,0
791,66,587,1,0
792,66,581,1,0
793,37,602,1,0
794,120,680,1,0
795,203,704,1,0
796,192,737,1,0
797,15,772,1,0
798,15,781,1,0
799,164,832,1,0
800,48,862,1,0
801,48,863,1,0
802,274,910,1,0
803,15,957,1,0
804,34,190,1,0
805,37,203,1,0
806,37,202,1,0
807,10,233,1,0
808,15,268,1,0
809,15,254,1,0
810,15,246,1,0
811,12,290,1,0
812,12,283,1,0
813,12,299,1,0
814,37,306,1,0
815,94,346,1,0
816,12,400,1,0
817,12,397,1,0
818,12,418,1,0
819,81,437,1,0
820,23,470,1,0
821,146,499,1,0
822,36,508,1,0
823,120,539,1,0
824,164,570,1,0
825,164,581,1,0
826,36,602,1,0
827,32,676,1,0
828,32,680,1,0
829,32,648,1,0
830,278,704,1,0
831,232,737,1,0
832,6,765,1,0
833,6,781,1,0
834,67,832,1,0
835,66,862,1,0
836,66,873,1,0
837,66,863,1,0
838,277,939,1,0
839,162,977,1,0
840,162,957,1,0
841,162,955,1,0
842,33,190,1,0
843,196,203,1,0
844,94,233,1,0
845,94,227,1,0
846,11,268,1,0
847,11,254,1,0
848,11,246,1,0
849,20,290,1,0
850,20,299,1,0
851,81,306,1,0
852,81,335,1,0
853,28,346,1,0
854,20,400,1,0
855,20,397,1,0
856,59,440,1,0
857,59,446,1,0
858,59,437,1,0
859,36,454,1,0
860,102,496,1,0
861,102,478,1,0
862,102,499,1,0
863,81,524,1,0
864,81,517,1,0
865,48,539,1,0
866,48,552,1,0
867,58,581,1,0
868,120,637,1,0
869,120,607,1,0
870,59,676,1,0
871,59,680,1,0
872,59,648,1,0
873,179,704,1,0
874,179,710,1,0
875,243,753,1,0
876,162,765,1,0
877,162,772,1,0
878,162,781,1,0
879,124,832,1,0
880,32,862,1,0
881,32,873,1,0
882,32,863,1,0
883,159,910,1,0
884,268,957,1,0
885,207,190,1,0
886,57,203,1,0
887,57,202,1,0
888,37,226,1,0
889,2,268,1,0
890,15,283,1,0
891,15,299,1,0
892,181,343,1,0
893,181,346,1,0
894,11,400,1,0
895,11,397,1,0
896,11,418,1,0
897,120,440,1,0
898,32,454,1,0
899,32,449,1,0
900,32,470,1,0
901,12,496,1,0
902,12,478,1,0
903,12,499,1,0
904,23,517,1,0
905,32,539,1,0
906,32,552,1,0
907,32,544,1,0
908,124,587,1,0
909,48,637,1,0
910,50,680,1,0
911,133,704,1,0
912,266,737,1,0
913,94,765,1,0
914,94,781,1,0
915,165,841,1,0
916,165,838,1,0
917,86,863,1,0
918,12,910,1,0
919,12,939,1,0
920,12,926,1,0
921,119,977,1,0
922,119,957,1,0
923,181,190,1,0
924,10,203,1,0
925,36,226,1,0
926,162,268,1,0
927,162,254,1,0
928,162,246,1,0
929,11,290,1,0
930,11,299,1,0
931,23,306,1,0
932,81,346,1,0
933,2,400,1,0
934,2,397,1,0
935,32,440,1,0
936,32,437,1,0
937,59,454,1,0
938,59,449,1,0
939,59,470,1,0
940,20,496,1,0
941,20,499,1,0
942,181,517,1,0
943,50,539,1,0
944,50,544,1,0
945,51,587,1,0
946,59,602,1,0
947,59,637,1,0
948,59,607,1,0
949,54,676,1,0
950,138,704,1,0
951,138,710,1,0
952,123,737,1,0
953,123,753,1,0
954,23,765,1,0
955,23,781,1,0
956,73,838,1,0
957,54,863,1,0
958,20,910,1,0
959,20,926,1,0
960,92,977,1,0
961,92,957,1,0
962,5,190,1,0
963,199,203,1,0
964,181,233,1,0
965,181,226,1,0
966,6,268,1,0
967,6,246,1,0
968,2,290,1,0
969,2,283,1,0
970,2,299,1,0
971,59,306,1,0
972,59,343,1,0
973,59,335,1,0
974,23,346,1,0
975,23,381,1,0
976,23,359,1,0
977,15,400,1,0
978,15,418,1,0
979,48,440,1,0
980,120,454,1,0
981,11,496,1,0
982,11,478,1,0
983,11,499,1,0
984,120,524,1,0
985,59,539,1,0
986,59,552,1,0
987,59,544,1,0
988,73,587,1,0
989,73,581,1,0
990,32,602,1,0
991,32,637,1,0
992,32,607,1,0
993,86,680,1,0
994,188,704,1,0
995,202,737,1,0
996,202,753,1,0
997,37,765,1,0
998,37,781,1,0
999,58,832,1,0
1000,164,862,1,0
1001,164,863,1,0
1002,11,910,1,0
1003,11,939,1,0
1004,11,926,1,0
1005,11,955,1,0
1006,256,203,1,0
1007,81,233,1,0
1008,27,268,1,0
1009,27,254,1,0
1010,6,290,1,0
1011,6,299,1,0
1012,120,335,1,0
1013,36,346,1,0
1014,36,381,1,0
1015,6,400,1,0
1016,6,397,1,0
1017,6,418,1,0
1018,86,440,1,0
1019,86,446,1,0
1020,48,470,1,0
1021,15,496,1,0
1022,48,524,1,0
1023,86,552,1,0
1024,67,587,1,0
1025,54,602,1,0
1026,67,680,1,0
1027,194,704,1,0
1028,222,737,1,0
1029,222,753,1,0
1030,48,765,1,0
1031,48,781,1,0
1032,125,832,1,0
1033,124,863,1,0
1034,15,910,1,0
1035,15,939,1,0
1036,32,977,1,0
1037,32,955,1,0
1038,26,203,1,0
1039,26,202,1,0
1040,23,233,1,0
1041,34,246,1,0
1042,27,290,1,0
1043,27,283,1,0
1044,48,306,1,0
1045,48,343,1,0
1046,48,335,1,0
1047,37,346,1,0
1048,37,381,1,0
1049,162,400,1,0
1050,162,397,1,0
1051,162,418,1,0
1052,50,437,1,0
1053,86,470,1,0
1054,6,478,1,0
1055,6,499,1,0
1056,59,508,1,0
1057,59,524,1,0
1058,59,517,1,0
1059,54,539,1,0
1060,165,570,1,0
1061,165,587,1,0
1062,165,581,1,0
1063,86,637,1,0
1064,164,676,1,0
1065,164,680,1,0
1066,258,704,1,0
1067,226,737,1,0
1068,226,753,1,0
1069,120,765,1,0
1070,120,781,1,0
1071,63,832,1,0
1072,63,838,1,0
1073,73,863,1,0
1074,162,910,1,0
1075,162,926,1,0
1076,175,957,1,0
1077,94,203,1,0
1078,48,233,1,0
1079,48,227,1,0
1080,48,226,1,0
1081,94,254,1,0
1082,162,290,1,0
1083,162,283,1,0
1084,162,299,1,0
1085,32,306,1,0
1086,32,343,1,0
1087,32,335,1,0
1088,59,346,1,0
1089,59,381,1,0
1090,59,359,1,0
1091,27,418,1,0
1092,54,437,1,0
1093,54,454,1,0
1094,162,496,1,0
1095,162,478,1,0
1096,162,499,1,0
1097,86,524,1,0
1098,86,517,1,0
1099,66,539,1,0
1100,66,552,1,0
1101,66,544,1,0
1102,125,587,1,0
1103,50,602,1,0
1104,124,676,1,0
1105,126,704,1,0
1106,126,710,1,0
1107,126,689,1,0
1108,210,753,1,0
1109,59,765,1,0
1110,59,772,1,0
1111,59,781,1,0
1112,85,832,1,0
1113,67,873,1,0
1114,6,910,1,0
1115,219,957,1,0
1116,212,202,1,0
1117,40,233,1,0
1118,10,268,1,0
1119,94,290,1,0
1120,212,343,1,0
1121,48,346,1,0
1122,48,381,1,0
1123,48,359,1,0
1124,34,400,1,0
1125,34,397,1,0
1126,34,418,1,0
1127,164,440,1,0
1128,164,446,1,0
1129,164,437,1,0
1130,50,470,1,0
1131,27,478,1,0
1132,32,508,1,0
1133,32,524,1,0
1134,32,517,1,0
1135,67,539,1,0
1136,63,587,1,0
1137,66,637,1,0
1138,66,607,1,0
1139,66,676,1,0
1140,66,680,1,0
1141,66,648,1,0
1142,143,710,1,0
1143,262,737,1,0
1144,32,765,1,0
1145,32,772,1,0
1146,32,781,1,0
1147,95,832,1,0
1148,165,862,1,0
1149,94,910,1,0
1150,94,939,1,0
1151,205,957,1,0
1152,207,202,1,0
1153,32,227,1,0
1154,32,226,1,0
1155,28,268,1,0
1156,28,290,1,0
1157,86,343,1,0
1158,32,346,1,0
1159,32,381,1,0
1160,28,397,1,0
1161,51,440,1,0
1162,80,470,1,0
1163,34,478,1,0
1164,54,517,1,0
1165,58,539,1,0
1166,169,587,1,0
1167,164,602,1,0
1168,164,637,1,0
1169,164,607,1,0
1170,51,676,1,0
1171,259,704,1,0
1172,12,737,1,0
1173,12,753,1,0
1174,12,763,1,0
1175,86,765,1,0
1176,86,781,1,0
1177,167,832,1,0
1178,58,862,1,0
1179,37,910,1,0
1180,88,955,1,0
1181,48,203,1,0
1182,48,202,1,0
1183,120,227,1,0
1184,37,268,1,0
1185,34,290,1,0
1186,34,283,1,0
1187,34,299,1,0
1188,54,343,1,0
1189,120,346,1,0
1190,10,397,1,0
1191,66,440,1,0
1192,66,446,1,0
1193,66,437,1,0
1194,66,454,1,0
1195,94,496,1,0
1196,50,517,1,0
1197,51,552,1,0
1198,95,581,1,0
1199,58,602,1,0
1200,73,676,1,0
1201,73,680,1,0
1202,134,710,1,0
1203,20,737,1,0
1204,20,753,1,0
1205,54,765,1,0
1206,92,832,1,0
1207,92,838,1,0
1208,125,863,1,0
1209,59,910,1,0
1210,59,939,1,0
1211,59,926,1,0
1212,102,957,1,0
1213,107,203,1,0
1214,245,226,1,0
1215,181,268,1,0
1216,10,290,1,0
1217,50,343,1,0
1218,212,346,1,0
1219,94,400,1,0
1220,94,418,1,0
1221,124,440,1,0
1222,124,437,1,0
1223,73,454,1,0
1224,10,499,1,0
1225,66,524,1,0
1226,66,517,1,0
1227,73,539,1,0
1228,73,552,1,0
1229,85,581,1,0
1230,67,602,1,0
1231,58,676,1,0
1232,12,704,1,0
1233,12,710,1,0
1234,12,689,1,0
1235,11,753,1,0
1236,50,765,1,0
1237,166,832,1,0
1238,63,863,1,0
1239,120,910,1,0
1240,120,926,1,0
1241,65,957,1,0
1242,32,203,1,0
1243,47,233,1,0
1244,81,268,1,0
1245,36,290,1,0
1246,124,335,1,0
1247,54,346,1,0
1248,181,400,1,0
1249,181,397,1,0
1250,80,440,1,0
1251,80,437,1,0
1252,67,454,1,0
1253,81,496,1,0
1254,81,478,1,0
1255,81,499,1,0
1256,51,524,1,0
1257,124,552,1,0
1258,105,587,1,0
1259,105,581,1,0
1260,124,637,1,0
1261,124,607,1,0
1262,165,680,1,0
1263,20,704,1,0
1264,20,710,1,0
1265,15,763,1,0
1266,66,765,1,0
1267,66,772,1,0
1268,66,781,1,0
1269,105,832,1,0
1270,85,862,1,0
1271,85,873,1,0
1272,66,910,1,0
1273,66,939,1,0
1274,66,926,1,0
1275,267,957,1,0
1276,267,955,1,0
1277,5,202,1,0
1278,212,226,1,0
1279,36,268,1,0
1280,36,254,1,0
1281,23,290,1,0
1282,67,306,1,0
1283,50,346,1,0
1284,50,359,1,0
1285,37,400,1,0
1286,37,397,1,0
1287,67,437,1,0
1288,51,449,1,0
1289,36,496,1,0
1290,67,517,1,0
1291,164,539,1,0
1292,92,570,1,0
1293,92,587,1,0
1294,92,581,1,0
1295,51,637,1,0
1296,125,680,1,0
1297,125,648,1,0
1298,11,704,1,0
1299,11,710,1,0
1300,6,737,1,0
1301,6,753,1,0
1302,6,763,1,0
1303,164,765,1,0
1304,164,781,1,0
1305,168,832,1,0
1306,95,863,1,0
1307,32,910,1,0
1308,32,939,1,0
1309,32,926,1,0
1310,158,957,1,0
1311,47,203,1,0
1312,59,233,1,0
1313,23,268,1,0
1314,37,290,1,0
1315,124,306,1,0
1316,124,343,1,0
1317,86,346,1,0
1318,86,359,1,0
1319,23,400,1,0
1320,23,397,1,0
1321,23,418,1,0
1322,73,440,1,0
1323,73,437,1,0
1324,124,470,1,0
1325,37,496,1,0
1326,124,524,1,0
1327,165,539,1,0
1328,165,552,1,0
1329,165,544,1,0
1330,89,581,1,0
1331,73,602,1,0
1332,73,637,1,0
1333,63,676,1,0
1334,15,704,1,0
1335,162,737,1,0
1336,162,753,1,0
1337,67,765,1,0
1338,173,832,1,0
1339,167,862,1,0
1340,167,863,1,0
1341,54,910,1,0
1342,132,957,1,0
1343,132,955,1,0
1344,57,233,1,0
1345,59,268,1,0
1346,59,254,1,0
1347,59,246,1,0
1348,181,290,1,0
1349,181,299,1,0
1350,165,306,1,0
1351,165,343,1,0
1352,165,335,1,0
1353,80,346,1,0
1354,36,397,1,0
1355,36,418,1,0
1356,165,440,1,0
1357,165,446,1,0
1358,165,437,1,0
1359,58,454,1,0
1360,58,470,1,0
1361,181,496,1,0
1362,165,508,1,0
1363,165,517,1,0
1364,125,539,1,0
1365,125,552,1,0
1366,166,587,1,0
1367,165,637,1,0
1368,165,607,1,0
1369,169,680,1,0
1370,6,704,1,0
1371,6,710,1,0
1372,6,689,1,0
1373,94,737,1,0
1374,94,753,1,0
1375,124,765,1,0
1376,124,781,1,0
1377,88,832,1,0
1378,88,863,1,0
1379,86,910,1,0
1380,3,957,1,0
1381,32,268,1,0
1382,32,254,1,0
1383,32,246,1,0
1384,81,290,1,0
1385,81,299,1,0
1386,66,343,1,0
1387,124,346,1,0
1388,124,381,1,0
1389,81,400,1,0
1390,81,397,1,0
1391,58,440,1,0
1392,58,446,1,0
1393,58,437,1,0
1394,164,449,1,0
1395,23,496,1,0
1396,23,499,1,0
1397,73,517,1,0
1398,63,539,1,0
1399,167,581,1,0
1400,125,602,1,0
1401,125,637,1,0
1402,125,607,1,0
1403,85,680,1,0
1404,162,704,1,0
1405,162,710,1,0
1406,23,737,1,0
1407,23,753,1,0
1408,23,763,1,0
1409,51,765,1,0
1410,3,832,1,0
1411,92,862,1,0
1412,92,873,1,0
1413,92,863,1,0
1414,73,910,1,0
1415,73,939,1,0
1416,73,926,1,0
1417,174,977,1,0
1418,174,957,1,0
1419,174,955,1,0
1420,57,268,1,0
1421,59,290,1,0
1422,59,283,1,0
1423,59,299,1,0
1424,164,306,1,0
1425,164,343,1,0
1426,51,346,1,0
1427,59,400,1,0
1428,59,397,1,0
1429,59,418,1,0
1430,63,440,1,0
1431,63,437,1,0
1432,165,454,1,0
1433,165,449,1,0
1434,48,496,1,0
1435,48,478,1,0
1436,48,499,1,0
1437,164,524,1,0
1438,169,539,1,0
1439,169,552,1,0
1440,169,544,1,0
1441,88,570,1,0
1442,88,581,1,0
1443,63,602,1,0
1444,105,676,1,0
1445,94,704,1,0
1446,94,710,1,0
1447,37,737,1,0
1448,165,765,1,0
1449,165,772,1,0
1450,165,781,1,0
1451,93,841,1,0
1452,105,862,1,0
1453,105,863,1,0
1454,164,910,1,0
1455,164,926,1,0
1456,118,957,1,0
1457,212,254,1,0
1458,120,290,1,0
1459,120,283,1,0
1460,120,299,1,0
1461,80,343,1,0
1462,164,346,1,0
1463,164,381,1,0
1464,164,359,1,0
1465,48,400,1,0
1466,48,397,1,0
1467,125,440,1,0
1468,125,470,1,0
1469,120,496,1,0
1470,120,499,1,0
1471,58,517,1,0
1472,105,539,1,0
1473,105,552,1,0
1474,105,544,1,0
1475,93,581,1,0
1476,169,602,1,0
1477,169,637,1,0
1478,95,680,1,0
1479,23,704,1,0
1480,48,737,1,0
1481,48,753,1,0
1482,48,763,1,0
1483,73,765,1,0
1484,172,832,1,0
1485,93,863,1,0
1486,124,910,1,0
1487,124,926,1,0
1488,104,957,1,0
1489,48,268,1,0
1490,48,254,1,0
1491,48,246,1,0
1492,57,290,1,0
1493,57,283,1,0
1494,57,299,1,0
1495,51,306,1,0
1496,58,346,1,0
1497,58,381,1,0
1498,58,359,1,0
1499,32,400,1,0
1500,32,397,1,0
1501,32,418,1,0
1502,62,440,1,0
1503,63,470,1,0
1504,59,496,1,0
1505,59,478,1,0
1506,59,499,1,0
1507,125,524,1,0
1508,85,539,1,0
1509,85,552,1,0
1510,173,587,1,0
1511,85,602,1,0
1512,85,637,1,0
1513,85,607,1,0
1514,93,680,1,0
1515,37,704,1,0
1516,37,710,1,0
1517,120,737,1,0
1518,58,765,1,0
1519,122,832,1,0
1520,168,863,1,0
1521,67,910,1,0
1522,121,957,1,0
1523,120,268,1,0
1524,32,290,1,0
1525,32,283,1,0
1526,32,299,1,0
1527,73,343,1,0
1528,66,346,1,0
1529,120,400,1,0
1530,120,397,1,0
1531,163,440,1,0
1532,62,470,1,0
1533,32,496,1,0
1534,32,478,1,0
1535,32,499,1,0
1536,63,524,1,0
1537,63,517,1,0
1538,95,539,1,0
1539,95,552,1,0
1540,168,581,1,0
1541,105,602,1,0
1542,105,637,1,0
1543,167,676,1,0
1544,120,704,1,0
1545,120,710,1,0
1546,32,737,1,0
1547,32,753,1,0
1548,32,763,1,0
1549,125,765,1,0
1550,125,781,1,0
1551,178,832,1,0
1552,3,863,1,0
1553,165,939,1,0
1554,269,977,1,0
1555,245,254,1,0
1556,48,290,1,0
1557,48,283,1,0
1558,48,299,1,0
1559,58,306,1,0
1560,58,335,1,0
1561,73,346,1,0
1562,212,400,1,0
1563,169,440,1,0
1564,169,437,1,0
1565,163,470,1,0
1566,86,499,1,0
1567,62,524,1,0
1568,168,539,1,0
1569,168,552,1,0
1570,3,581,1,0
1571,95,602,1,0
1572,88,648,1,0
1573,48,704,1,0
1574,48,710,1,0
1575,48,689,1,0
1576,59,737,1,0
1577,59,753,1,0
1578,59,763,1,0
1579,63,765,1,0
1580,121,832,1,0
1581,172,863,1,0
1582,58,926,1,0
1583,85,977,1,0
1584,43,268,1,0
1585,43,254,1,0
1586,212,283,1,0
1587,212,299,1,0
1588,107,343,1,0
1589,165,346,1,0
1590,165,381,1,0
1591,50,400,1,0
1592,50,397,1,0
1593,50,418,1,0
1594,85,440,1,0
1595,85,437,1,0
1596,50,496,1,0
1597,50,478,1,0
1598,50,499,1,0
1599,169,524,1,0
1600,89,539,1,0
1601,89,544,1,0
1602,172,587,1,0
1603,166,602,1,0
1604,166,637,1,0
1605,92,676,1,0
1606,92,680,1,0
1607,86,704,1,0
1608,86,710,1,0
1609,86,737,1,0
1610,86,753,1,0
1611,169,765,1,0
1612,110,832,1,0
1613,178,863,1,0
1614,63,910,1,0
1615,63,926,1,0
1616,73,955,1,0
1617,86,268,1,0
1618,86,254,1,0
1619,245,299,1,0
1620,74,306,1,0
1621,74,343,1,0
1622,74,335,1,0
1623,67,346,1,0
1624,54,397,1,0
1625,95,446,1,0
1626,95,470,1,0
1627,54,478,1,0
1628,95,524,1,0
1629,167,539,1,0
1630,167,544,1,0
1631,110,570,1,0
1632,110,587,1,0
1633,110,581,1,0
1634,167,602,1,0
1635,167,637,1,0
1636,3,676,1,0
1637,59,704,1,0
1638,59,710,1,0
1639,59,689,1,0
1640,54,753,1,0
1641,85,765,1,0
1642,85,781,1,0
1643,100,832,1,0
1644,121,873,1,0
1645,121,863,1,0
1646,125,910,1,0
1647,125,939,1,0
1648,125,926,1,0
1649,105,977,1,0
1650,56,268,1,0
1651,54,290,1,0
1652,54,283,1,0
1653,54,299,1,0
1654,228,306,1,0
1655,68,346,1,0
1656,68,359,1,0
1657,86,400,1,0
1658,86,397,1,0
1659,86,418,1,0
1660,92,440,1,0
1661,92,437,1,0
1662,85,470,1,0
1663,124,499,1,0
1664,85,524,1,0
1665,92,539,1,0
1666,92,552,1,0
1667,92,544,1,0
1668,122,587,1,0
1669,122,581,1,0
1670,88,602,1,0
1671,88,637,1,0
1672,168,680,1,0
1673,32,704,1,0
1674,32,710,1,0
1675,32,689,1,0
1676,50,737,1,0
1677,95,765,1,0
1678,95,772,1,0
1679,109,841,1,0
1680,122,873,1,0
1681,122,863,1,0
1682,85,910,1,0
1683,85,926,1,0
1684,111,977,1,0
1685,54,268,1,0
1686,54,254,1,0
1687,54,246,1,0
1688,50,290,1,0
1689,68,306,1,0
1690,68,343,1,0
1691,74,346,1,0
1692,74,359,1,0
1693,80,400,1,0
1694,80,397,1,0
1695,80,418,1,0
1696,89,440,1,0
1697,89,446,1,0
1698,89,437,1,0
1699,92,470,1,0
1700,66,478,1,0
1701,66,499,1,0
1702,168,524,1,0
1703,168,517,1,0
1704,88,539,1,0
1705,121,587,1,0
1706,92,602,1,0
1707,92,637,1,0
1708,173,676,1,0
1709,54,704,1,0
1710,66,737,1,0
1711,66,753,1,0
1712,66,763,1,0
1713,92,765,1,0
1714,92,781,1,0
1715,104,832,1,0
1716,110,863,1,0
1717,95,910,1,0
1718,95,926,1,0
1719,129,977,1,0
1720,50,254,1,0
1721,86,290,1,0
1722,86,283,1,0
1723,78,343,1,0
1724,62,346,1,0
1725,66,400,1,0
1726,66,397,1,0
1727,66,418,1,0
1728,88,446,1,0
1729,173,470,1,0
1730,165,496,1,0
1731,165,478,1,0
1732,165,499,1,0
1733,92,508,1,0
1734,92,524,1,0
1735,92,517,1,0
1736,166,539,1,0
1737,106,587,1,0
1738,3,602,1,0
1739,166,676,1,0
1740,50,710,1,0
1741,124,737,1,0
1742,124,753,1,0
1743,89,765,1,0
1744,102,832,1,0
1745,100,863,1,0
1746,167,910,1,0
1747,130,957,1,0
1748,43,299,1,0
1749,225,343,1,0
1750,52,346,1,0
1751,164,400,1,0
1752,164,397,1,0
1753,164,418,1,0
1754,105,440,1,0
1755,105,437,1,0
1756,88,449,1,0
1757,164,496,1,0
1758,164,478,1,0
1759,173,508,1,0
1760,173,524,1,0
1761,173,517,1,0
1762,173,539,1,0
1763,178,581,1,0
1764,93,602,1,0
1765,93,637,1,0
1766,89,648,1,0
1767,66,704,1,0
1768,66,710,1,0
1769,66,689,1,0
1770,67,737,1,0
1771,167,765,1,0
1772,167,781,1,0
1773,107,832,1,0
1774,102,863,1,0
1775,92,910,1,0
1776,92,939,1,0
1777,122,957,1,0
1778,164,290,1,0
1779,164,283,1,0
1780,164,299,1,0
1781,63,343,1,0
1782,125,346,1,0
1783,124,400,1,0
1784,124,397,1,0
1785,124,418,1,0
1786,173,440,1,0
1787,166,470,1,0
1788,51,499,1,0
1789,88,524,1,0
1790,93,539,1,0
1791,100,581,1,0
1792,89,602,1,0
1793,89,637,1,0
1794,172,676,1,0
1795,124,704,1,0
1796,124,710,1,0
1797,73,737,1,0
1798,73,753,1,0
1799,88,765,1,0
1800,88,781,1,0
1801,119,841,1,0
1802,170,873,1,0
1803,170,863,1,0
1804,88,910,1,0
1805,88,926,1,0
1806,138,957,1,0
1807,51,290,1,0
1808,51,283,1,0
1809,51,299,1,0
1810,62,343,1,0
1811,63,381,1,0
1812,58,400,1,0
1813,58,397,1,0
1814,167,440,1,0
1815,167,437,1,0
1816,89,470,1,0
1817,80,496,1,0
1818,80,499,1,0
1819,166,524,1,0
1820,166,517,1,0
1821,3,539,1,0
1822,104,570,1,0
1823,104,587,1,0
1824,104,581,1,0
1825,173,602,1,0
1826,100,680,1,0
1827,51,704,1,0
1828,51,710,1,0
1829,164,737,1,0
1830,105,765,1,0
1831,105,781,1,0
1832,111,832,1,0
1833,111,841,1,0
1834,111,838,1,0
1835,104,862,1,0
1836,104,873,1,0
1837,104,863,1,0
1838,105,910,1,0
1839,105,926,1,0
1840,248,977,1,0
1841,80,290,1,0
1842,80,283,1,0
1843,80,299,1,0
1844,52,343,1,0
1845,163,346,1,0
1846,67,397,1,0
1847,3,440,1,0
1848,3,446,1,0
1849,3,449,1,0
1850,73,496,1,0
1851,73,499,1,0
1852,3,517,1,0
1853,172,552,1,0
1854,102,581,1,0
1855,168,602,1,0
1856,178,676,1,0
1857,67,704,1,0
1858,67,710,1,0
1859,165,737,1,0
1860,165,753,1,0
1861,168,765,1,0
1862,170,832,1,0
1863,119,862,1,0
1864,119,873,1,0
1865,119,863,1,0
1866,168,910,1,0
1867,273,957,1,0
1868,165,290,1,0
1869,165,299,1,0
1870,125,343,1,0
1871,169,346,1,0
1872,51,400,1,0
1873,51,397,1,0
1874,93,440,1,0
1875,168,470,1,0
1876,67,499,1,0
1877,105,517,1,0
1878,100,539,1,0
1879,100,552,1,0
1880,100,544,1,0
1881,91,587,1,0
1882,172,602,1,0
1883,110,680,1,0
1884,164,704,1,0
1885,164,710,1,0
1886,51,737,1,0
1887,173,765,1,0
1888,128,832,1,0
1889,111,862,1,0
1890,111,873,1,0
1891,111,863,1,0
1892,3,910,1,0
1893,63,957,1,0
1894,66,283,1,0
1895,66,299,1,0
1896,70,343,1,0
1897,83,346,1,0
1898,165,400,1,0
1899,165,397,1,0
1900,165,418,1,0
1901,91,440,1,0
1902,91,437,1,0
1903,167,454,1,0
1904,58,478,1,0
1905,93,517,1,0
1906,122,539,1,0
1907,119,587,1,0
1908,122,602,1,0
1909,121,676,1,0
1910,58,704,1,0
1911,58,710,1,0
1912,58,737,1,0
1913,93,765,1,0
1914,93,781,1,0
1915,108,832,1,0
1916,109,863,1,0
1917,172,910,1,0
1918,94,957,1,0
1919,107,290,1,0
1920,107,283,1,0
1921,107,299,1,0
1922,10,343,1,0
1923,76,346,1,0
1924,73,400,1,0
1925,73,397,1,0
1926,166,437,1,0
1927,105,449,1,0
1928,63,499,1,0
1929,89,524,1,0
1930,110,539,1,0
1931,110,552,1,0
1932,170,587,1,0
1933,100,602,1,0
1934,122,648,1,0
1935,73,710,1,0
1936,125,737,1,0
1937,125,753,1,0
1938,166,765,1,0
1939,118,832,1,0
1940,107,862,1,0
1941,107,873,1,0
1942,107,863,1,0
1943,110,910,1,0
1944,180,957,1,0
1945,53,290,1,0
1946,53,283,1,0
1947,53,299,1,0
1948,53,343,1,0
1949,233,346,1,0
1950,68,400,1,0
1951,68,397,1,0
1952,68,418,1,0
1953,168,440,1,0
1954,168,437,1,0
1955,93,449,1,0
1956,125,499,1,0
1957,167,508,1,0
1958,121,552,1,0
1959,107,587,1,0
1960,121,602,1,0
1961,121,637,1,0
1962,111,676,1,0
1963,111,680,1,0
1964,111,648,1,0
1965,165,704,1,0
1966,63,737,1,0
1967,3,765,1,0
1968,114,832,1,0
1969,128,863,1,0
1970,178,926,1,0
1971,220,290,1,0
1972,125,400,1,0
1973,172,454,1,0
1974,62,499,1,0
1975,172,508,1,0
1976,178,539,1,0
1977,128,587,1,0
1978,110,602,1,0
1979,110,637,1,0
1980,110,607,1,0
1981,107,676,1,0
1982,107,680,1,0
1983,107,648,1,0
1984,125,704,1,0
1985,125,710,1,0
1986,169,753,1,0
1987,172,781,1,0
1988,130,832,1,0
1989,118,863,1,0
1990,121,910,1,0
1991,121,926,1,0
1992,244,290,1,0
1993,244,283,1,0
1994,63,400,1,0
1995,63,397,1,0
1996,163,496,1,0
1997,106,517,1,0
1998,106,539,1,0
1999,111,587,1,0
2000,111,581,1,0
2001,178,602,1,0
2002,119,676,1,0
2003,63,704,1,0
2004,85,753,1,0
2005,121,781,1,0
2006,74,832,1,0
2007,74,838,1,0
2008,108,873,1,0
2009,108,863,1,0
2010,122,910,1,0
2011,124,290,1,0
2012,62,400,1,0
2013,169,478,1,0
2014,169,499,1,0
2015,110,524,1,0
2016,170,539,1,0
2017,170,552,1,0
2018,109,581,1,0
2019,109,602,1,0
2020,104,680,1,0
2021,169,704,1,0
2022,169,710,1,0
2023,95,737,1,0
2024,95,753,1,0
2025,122,765,1,0
2026,122,781,1,0
2027,127,832,1,0
2028,127,838,1,0
2029,114,862,1,0
2030,100,910,1,0
2031,58,290,1,0
2032,58,283,1,0
2033,58,299,1,0
2034,52,400,1,0
2035,85,499,1,0
2036,100,508,1,0
2037,109,539,1,0
2038,114,570,1,0
2039,114,587,1,0
2040,119,602,1,0
2041,119,637,1,0
2042,102,676,1,0
2043,85,704,1,0
2044,85,710,1,0
2045,105,737,1,0
2046,105,753,1,0
2047,178,765,1,0
2048,34,832,1,0
2049,130,862,1,0
2050,170,910,1,0
2051,170,939,1,0
2052,170,926,1,0
2053,67,290,1,0
2054,163,397,1,0
2055,95,499,1,0
2056,121,524,1,0
2057,102,539,1,0
2058,102,544,1,0
2059,118,587,1,0
2060,104,602,1,0
2061,104,637,1,0
2062,128,676,1,0
2063,128,648,1,0
2064,105,704,1,0
2065,105,710,1,0
2066,167,737,1,0
2067,167,753,1,0
2068,110,765,1,0
2069,81,832,1,0
2070,127,873,1,0
2071,127,863,1,0
2072,109,910,1,0
2073,73,290,1,0
2074,73,299,1,0
2075,233,400,1,0
2076,233,397,1,0
2077,92,496,1,0
2078,92,499,1,0
2079,178,524,1,0
2080,104,539,1,0
2081,104,552,1,0
2082,104,544,1,0
2083,108,581,1,0
2084,91,602,1,0
2085,91,637,1,0
2086,170,676,1,0
2087,95,704,1,0
2088,88,737,1,0
2089,88,753,1,0
2090,100,765,1,0
2091,129,832,1,0
2092,74,863,1,0
2093,104,910,1,0
2094,64,299,1,0
2095,169,397,1,0
2096,88,499,1,0
2097,122,524,1,0
2098,208,539,1,0
2099,117,570,1,0
2100,117,587,1,0
2101,117,581,1,0
2102,107,602,1,0
2103,107,637,1,0
2104,109,676,1,0
2105,88,704,1,0
2106,88,710,1,0
2107,166,737,1,0
2108,166,753,1,0
2109,119,765,1,0
2110,119,781,1,0
2111,161,838,1,0
2112,81,862,1,0
2113,81,873,1,0
2114,81,863,1,0
2115,128,910,1,0
2116,128,926,1,0
2117,13,290,1,0
2118,76,397,1,0
2119,105,496,1,0
2120,105,478,1,0
2121,105,499,1,0
2122,101,517,1,0
2123,107,539,1,0
2124,177,587,1,0
2125,177,581,1,0
2126,102,637,1,0
2127,108,680,1,0
2128,92,704,1,0
2129,92,710,1,0
2130,92,737,1,0
2131,92,753,1,0
2132,170,765,1,0
2133,180,832,1,0
2134,34,863,1,0
2135,111,910,1,0
2136,111,939,1,0
2137,111,926,1,0
2138,43,397,1,0
2139,173,499,1,0
2140,119,508,1,0
2141,119,524,1,0
2142,119,539,1,0
2143,130,581,1,0
2144,170,602,1,0
2145,170,637,1,0
2146,118,680,1,0
2147,167,710,1,0
2148,173,753,1,0
2149,104,765,1,0
2150,104,772,1,0
2151,104,781,1,0
2152,57,832,1,0
2153,180,863,1,0
2154,102,910,1,0
2155,183,400,1,0
2156,183,397,1,0
2157,166,478,1,0
2158,166,499,1,0
2159,104,508,1,0
2160,104,524,1,0
2161,104,517,1,0
2162,91,552,1,0
2163,139,570,1,0
2164,114,648,1,0
2165,168,704,1,0
2166,3,753,1,0
2167,107,765,1,0
2168,152,838,1,0
2169,129,863,1,0
2170,107,910,1,0
2171,249,400,1,0
2172,168,496,1,0
2173,107,508,1,0
2174,107,524,1,0
2175,107,517,1,0
2176,74,539,1,0
2177,112,581,1,0
2178,128,637,1,0
2179,130,676,1,0
2180,166,704,1,0
2181,166,710,1,0
2182,93,753,1,0
2183,111,765,1,0
2184,111,781,1,0
2185,144,832,1,0
2186,57,863,1,0
2187,119,910,1,0
2188,85,400,1,0
2189,3,496,1,0
2190,208,517,1,0
2191,128,539,1,0
2192,108,602,1,0
2193,34,676,1,0
2194,34,680,1,0
2195,34,648,1,0
2196,3,710,1,0
2197,3,689,1,0
2198,89,753,1,0
2199,102,765,1,0
2200,179,832,1,0
2201,152,862,1,0
2202,152,863,1,0
2203,114,926,1,0
2204,9,400,1,0
2205,93,496,1,0
2206,93,478,1,0
2207,93,499,1,0
2208,91,524,1,0
2209,91,517,1,0
2210,111,539,1,0
2211,111,552,1,0
2212,111,544,1,0
2213,118,637,1,0
2214,127,676,1,0
2215,127,680,1,0
2216,127,648,1,0
2217,173,710,1,0
2218,172,753,1,0
2219,109,765,1,0
2220,142,832,1,0
2221,161,863,1,0
2222,108,910,1,0
2223,108,926,1,0
2224,95,400,1,0
2225,167,496,1,0
2226,167,478,1,0
2227,167,499,1,0
2228,102,524,1,0
2229,108,539,1,0
2230,114,637,1,0
2231,81,676,1,0
2232,81,680,1,0
2233,81,648,1,0
2234,89,710,1,0
2235,122,737,1,0
2236,122,753,1,0
2237,128,765,1,0
2238,137,832,1,0
2239,137,862,1,0
2240,137,873,1,0
2241,137,863,1,0
2242,118,910,1,0
2243,65,400,1,0
2244,65,397,1,0
2245,89,499,1,0
2246,170,517,1,0
2247,114,539,1,0
2248,114,552,1,0
2249,177,602,1,0
2250,74,676,1,0
2251,93,710,1,0
2252,100,737,1,0
2253,100,753,1,0
2254,108,781,1,0
2255,175,832,1,0
2256,10,863,1,0
2257,130,910,1,0
2258,172,496,1,0
2259,109,517,1,0
2260,201,539,1,0
2261,139,602,1,0
2262,172,704,1,0
2263,121,737,1,0
2264,121,753,1,0
2265,118,765,1,0
2266,132,832,1,0
2267,132,841,1,0
2268,132,838,1,0
2269,132,862,1,0
2270,132,873,1,0
2271,132,863,1,0
2272,127,910,1,0
2273,127,939,1,0
2274,127,926,1,0
2275,121,478,1,0
2276,121,499,1,0
2277,128,517,1,0
2278,118,539,1,0
2279,130,637,1,0
2280,122,704,1,0
2281,122,710,1,0
2282,110,753,1,0
2283,114,765,1,0
2284,65,832,1,0
2285,142,863,1,0
2286,74,910,1,0
2287,100,499,1,0
2288,74,524,1,0
2289,115,539,1,0
2290,264,602,1,0
2291,264,637,1,0
2292,110,704,1,0
2293,178,737,1,0
2294,130,765,1,0
2295,138,832,1,0
2296,138,863,1,0
2297,81,910,1,0
2298,81,926,1,0
2299,122,496,1,0
2300,122,499,1,0
2301,111,508,1,0
2302,42,539,1,0
2303,178,704,1,0
2304,104,737,1,0
2305,104,753,1,0
2306,127,765,1,0
2307,127,781,1,0
2308,150,832,1,0
2309,144,863,1,0
2310,161,910,1,0
2311,161,926,1,0
2312,106,499,1,0
2313,112,539,1,0
2314,121,704,1,0
2315,109,737,1,0
2316,34,765,1,0
2317,10,832,1,0
2318,179,863,1,0
2319,152,910,1,0
2320,152,926,1,0
2321,110,496,1,0
2322,110,499,1,0
2323,100,710,1,0
2324,170,737,1,0
2325,170,753,1,0
2326,74,765,1,0
2327,74,772,1,0
2328,74,781,1,0
2329,140,832,1,0
2330,150,863,1,0
2331,129,910,1,0
2332,178,499,1,0
2333,109,704,1,0
2334,109,710,1,0
2335,128,737,1,0
2336,128,753,1,0
2337,128,763,1,0
2338,81,765,1,0
2339,81,781,1,0
2340,149,832,1,0
2341,65,863,1,0
2342,180,910,1,0
2343,128,499,1,0
2344,104,704,1,0
2345,104,710,1,0
2346,111,737,1,0
2347,111,753,1,0
2348,111,763,1,0
2349,176,765,1,0
2350,147,832,1,0
2351,151,863,1,0
2352,57,910,1,0
2353,119,704,1,0
2354,119,710,1,0
2355,119,689,1,0
2356,119,737,1,0
2357,119,753,1,0
2358,119,763,1,0
2359,129,765,1,0
2360,129,781,1,0
2361,202,832,1,0
2362,140,862,1,0
2363,140,873,1,0
2364,140,863,1,0
2365,132,910,1,0
2366,132,939,1,0
2367,132,926,1,0
2368,107,704,1,0
2369,102,737,1,0
2370,180,765,1,0
2371,151,832,1,0
2372,174,862,1,0
2373,174,873,1,0
2374,174,863,1,0
2375,137,939,1,0
2376,137,926,1,0
2377,102,704,1,0
2378,107,737,1,0
2379,161,765,1,0
2380,262,832,1,0
2381,147,862,1,0
2382,147,873,1,0
2383,147,863,1,0
2384,65,910,1,0
2385,111,704,1,0
2386,111,710,1,0
2387,111,689,1,0
2388,114,737,1,0
2389,114,753,1,0
2390,152,765,1,0
2391,184,832,1,0
2392,136,863,1,0
2393,142,910,1,0
2394,170,704,1,0
2395,170,710,1,0
2396,108,737,1,0
2397,108,753,1,0
2398,183,765,1,0
2399,136,832,1,0
2400,149,862,1,0
2401,149,873,1,0
2402,149,863,1,0
2403,150,910,1,0
2404,128,704,1,0
2405,128,710,1,0
2406,118,737,1,0
2407,255,765,1,0
2408,174,832,1,0
2409,174,838,1,0
2410,262,863,1,0
2411,179,910,1,0
2412,114,704,1,0
2413,114,710,1,0
2414,130,737,1,0
2415,130,753,1,0
2416,57,765,1,0
2417,266,832,1,0
2418,171,873,1,0
2419,171,863,1,0
2420,138,910,1,0
2421,108,704,1,0
2422,108,710,1,0
2423,127,737,1,0
2424,127,753,1,0
2425,91,765,1,0
2426,91,781,1,0
2427,171,832,1,0
2428,171,838,1,0
2429,53,863,1,0
2430,140,910,1,0
2431,140,939,1,0
2432,140,926,1,0
2433,118,710,1,0
2434,34,737,1,0
2435,34,753,1,0
2436,132,765,1,0
2437,132,772,1,0
2438,132,781,1,0
2439,146,832,1,0
2440,191,863,1,0
2441,149,910,1,0
2442,149,939,1,0
2443,149,926,1,0
2444,130,704,1,0
2445,74,737,1,0
2446,74,753,1,0
2447,138,765,1,0
2448,138,781,1,0
2449,191,832,1,0
2450,46,863,1,0
2451,147,910,1,0
2452,147,939,1,0
2453,147,926,1,0
2454,34,704,1,0
2455,34,710,1,0
2456,34,689,1,0
2457,81,737,1,0
2458,133,781,1,0
2459,46,832,1,0
2460,146,863,1,0
2461,151,910,1,0
2462,127,704,1,0
2463,127,710,1,0
2464,127,689,1,0
2465,176,737,1,0
2466,176,753,1,0
2467,176,763,1,0
2468,137,765,1,0
2469,137,772,1,0
2470,137,781,1,0
2471,53,832,1,0
2472,247,863,1,0
2473,262,939,1,0
2474,81,704,1,0
2475,81,710,1,0
2476,255,737,1,0
2477,255,753,1,0
2478,175,765,1,0
2479,247,832,1,0
2480,214,863,1,0
2481,174,910,1,0
2482,174,926,1,0
2483,74,704,1,0
2484,74,710,1,0
2485,129,737,1,0
2486,129,753,1,0
2487,129,763,1,0
2488,144,765,1,0
2489,106,863,1,0
2490,136,926,1,0
2491,255,704,1,0
2492,255,710,1,0
2493,152,737,1,0
2494,152,753,1,0
2495,142,765,1,0
2496,142,772,1,0
2497,142,781,1,0
2498,146,910,1,0
2499,146,926,1,0
2500,152,704,1,0
2501,152,710,1,0
2502,161,737,1,0
2503,161,753,1,0
2504,65,765,1,0
2505,65,781,1,0
2506,171,910,1,0
2507,171,939,1,0
2508,183,704,1,0
2509,180,753,1,0
2510,179,765,1,0
2511,179,781,1,0
2512,46,910,1,0
2513,161,704,1,0
2514,161,710,1,0
2515,57,737,1,0
2516,205,781,1,0
2517,247,926,1,0
2518,129,704,1,0
2519,183,737,1,0
2520,183,753,1,0
2521,203,765,1,0
2522,214,910,1,0
2523,57,704,1,0
2524,57,710,1,0
2525,132,737,1,0
2526,132,753,1,0
2527,132,763,1,0
2528,194,781,1,0
2529,251,910,1,0
2530,251,939,1,0
2531,251,926,1,0
2532,180,704,1,0
2533,175,737,1,0
2534,175,753,1,0
2535,131,781,1,0
2536,158,910,1,0
2537,176,710,1,0
2538,143,737,1,0
2539,143,753,1,0
2540,150,765,1,0
2541,248,910,1,0
2542,248,939,1,0
2543,259,737,1,0
2544,10,765,1,0
2545,257,910,1,0
2546,194,737,1,0
2547,194,753,1,0
2548,143,765,1,0
2549,139,910,1,0
2550,230,737,1,0
2551,230,753,1,0
2552,99,781,1,0
2553,255,910,1,0
2554,255,926,1,0
2555,137,737,1,0
2556,137,753,1,0
2557,137,763,1,0
2558,163,781,1,0
2559,182,926,1,0
2560,144,737,1,0
2561,149,765,1,0
2562,149,772,1,0
2563,149,781,1,0
2564,42,910,1,0
2565,138,737,1,0
2566,138,753,1,0
2567,140,765,1,0
2568,140,772,1,0
2569,140,781,1,0
2570,93,910,1,0
2571,142,737,1,0
2572,142,753,1,0
2573,139,781,1,0
2574,150,737,1,0
2575,150,753,1,0
2576,141,765,1,0
2577,141,781,1,0
2578,203,737,1,0
2579,203,753,1,0
2580,202,765,1,0
2581,202,781,1,0
2582,10,737,1,0
2583,151,765,1,0
2584,151,772,1,0
2585,151,781,1,0
2586,126,737,1,0
2587,126,753,1,0
2588,184,765,1,0
2589,184,772,1,0
2590,184,781,1,0
2591,133,737,1,0
2592,218,781,1,0
2593,65,737,1,0
2594,65,753,1,0
2595,147,765,1,0
2596,147,781,1,0
2597,99,737,1,0
2598,99,753,1,0
2599,210,781,1,0
2600,91,737,1,0
2601,174,765,1,0
2602,174,781,1,0
2603,205,737,1,0
2604,136,765,1,0
2605,136,781,1,0
2606,134,737,1,0
2607,266,765,1,0
2608,266,781,1,0
2609,188,737,1,0
2610,182,765,1,0
2611,182,781,1,0
2612,179,737,1,0
2613,179,753,1,0
2614,262,765,1,0
2615,262,781,1,0
2616,131,753,1,0
2617,177,765,1,0
2618,116,737,1,0
2619,243,781,1,0
2620,135,765,1,0
2621,222,765,1,0
2622,222,781,1,0
